{
  "session": 7,
  "date": "2026-01-22",
  "phase": "migration",
  "slice": "decisions",
  "canonical_docs_created": 6,
  "canonical_docs_target": 9,
  "deliverables": {
    "created": [
      {
        "path": "docs/DECISIONS.md",
        "lines": 250,
        "purpose": "Canonical decisions register (D1-D134)"
      }
    ],
    "converted_to_stub": [
      {
        "path": "docs/DECISION_REGISTER.md",
        "original_lines": 198,
        "stub_lines": 23,
        "points_to": "docs/DECISIONS.md",
        "sunset_date": "2026-02-21"
      }
    ],
    "updated": [
      {
        "path": "docs/INDEX.md",
        "change": "Updated DECISION_REGISTER.md -> DECISIONS.md reference"
      },
      {
        "path": "docs/KEY_DOCS.md",
        "change": "Added DECISIONS.md to canonical doc map"
      }
    ]
  },
  "redirect_stubs_total": 23,
  "redirect_stubs_by_category": {
    "policy": 4,
    "operations": 2,
    "architecture": 5,
    "stage0": 11,
    "decisions": 1
  },
  "verification": {
    "doc_lint_passes": true,
    "decisions_count_verified": true,
    "redirect_stub_valid": true,
    "index_updated": true,
    "key_docs_updated": true,
    "no_information_loss": true
  },
  "canonical_docs_status": [
    {"doc": "docs/POLICY.md", "status": "complete", "session": 3},
    {"doc": "docs/OPERATIONS.md", "status": "complete", "session": 4, "extended": 6, "version": "1.1.0"},
    {"doc": "docs/ARCHITECTURE.md", "status": "complete", "session": 5},
    {"doc": "docs/CONTRIBUTING.md", "status": "complete", "session": 5},
    {"doc": "docs/STAGE0-REFERENCE.md", "status": "complete", "session": 6},
    {"doc": "docs/DECISIONS.md", "status": "complete", "session": 7, "version": "1.0.0"},
    {"doc": "docs/INDEX.md", "status": "exists", "note": "extended"},
    {"doc": "docs/KEY_DOCS.md", "status": "exists", "note": "extended"},
    {"doc": "docs/GOLDEN_PATH.md", "status": "exists", "note": "needs review"}
  ],
  "next_session_recommendations": [
    "PROGRAM.md slice (small, quick win)",
    "spec-kit docs consolidation (large, 37 files)",
    "NL_DECISIONS.md integration",
    "GOLDEN_PATH.md review"
  ]
}
