{
  "session": 11,
  "date": "2026-01-22",
  "phase": "migration",
  "slice": "architecture",
  "canonical_docs_created": 11,
  "canonical_docs_target": 11,
  "target_achieved": true,
  "deliverables": {
    "created": [
      {
        "path": "docs/SPEC-KIT-ARCHITECTURE.md",
        "lines": 418,
        "purpose": "Canonical multi-agent architecture (tiered models, consensus, hermetic isolation)"
      }
    ],
    "converted_to_stub": [
      {
        "path": "docs/spec-kit/MULTI-AGENT-ARCHITECTURE.md",
        "original_lines": 273,
        "stub_lines": 25,
        "points_to": "docs/SPEC-KIT-ARCHITECTURE.md",
        "sunset_date": "2026-02-21"
      },
      {
        "path": "docs/spec-kit/model-strategy.md",
        "original_lines": 355,
        "stub_lines": 24,
        "points_to": "docs/SPEC-KIT-ARCHITECTURE.md",
        "sunset_date": "2026-02-21"
      },
      {
        "path": "docs/spec-kit/consensus-runner-design.md",
        "original_lines": 127,
        "stub_lines": 20,
        "points_to": "docs/SPEC-KIT-ARCHITECTURE.md",
        "sunset_date": "2026-02-21"
      },
      {
        "path": "docs/spec-kit/HERMETIC-ISOLATION.md",
        "original_lines": 153,
        "stub_lines": 22,
        "points_to": "docs/SPEC-KIT-ARCHITECTURE.md",
        "sunset_date": "2026-02-21"
      }
    ],
    "updated": [
      {
        "path": "docs/INDEX.md",
        "change": "Replaced individual spec-kit refs with SPEC-KIT-ARCHITECTURE.md in Design Documents"
      },
      {
        "path": "docs/KEY_DOCS.md",
        "change": "Added SPEC-KIT-ARCHITECTURE.md entry"
      }
    ]
  },
  "redirect_stubs_total": 35,
  "redirect_stubs_by_category": {
    "policy": 4,
    "operations": 2,
    "architecture": 5,
    "stage0": 11,
    "decisions": 1,
    "program": 1,
    "quality_gates": 3,
    "cli": 3,
    "spec_kit_architecture": 4,
    "archived": 1
  },
  "verification": {
    "doc_lint_passes": true,
    "spec_kit_architecture_verified": true,
    "redirect_stubs_valid": true,
    "index_updated": true,
    "key_docs_updated": true,
    "no_information_loss": true
  },
  "canonical_docs_status": [
    {"doc": "docs/POLICY.md", "status": "complete", "session": 3},
    {"doc": "docs/OPERATIONS.md", "status": "complete", "session": 4, "extended": 6, "version": "1.1.0"},
    {"doc": "docs/ARCHITECTURE.md", "status": "complete", "session": 5},
    {"doc": "docs/CONTRIBUTING.md", "status": "complete", "session": 5},
    {"doc": "docs/STAGE0-REFERENCE.md", "status": "complete", "session": 6},
    {"doc": "docs/DECISIONS.md", "status": "complete", "session": 7, "version": "1.0.0"},
    {"doc": "docs/PROGRAM.md", "status": "complete", "session": 8, "version": "1.0.0"},
    {"doc": "docs/SPEC-KIT-QUALITY-GATES.md", "status": "complete", "session": 9, "version": "1.0.0"},
    {"doc": "docs/SPEC-KIT-CLI.md", "status": "complete", "session": 10, "version": "1.0.0"},
    {"doc": "docs/SPEC-KIT-ARCHITECTURE.md", "status": "complete", "session": 11, "version": "1.0.0"},
    {"doc": "docs/INDEX.md", "status": "complete", "note": "extended through sessions"},
    {"doc": "docs/KEY_DOCS.md", "status": "complete", "note": "extended through sessions"}
  ],
  "spec_kit_consolidation": {
    "quality_gates": {"files": 3, "archived": 1, "status": "complete"},
    "cli": {"files": 3, "status": "complete"},
    "architecture": {"files": 4, "status": "complete"}
  },
  "content_reduction": {
    "source_lines": 908,
    "canonical_lines": 418,
    "reduction_percent": 54
  },
  "next_session_recommendations": [
    "Review remaining spec-kit files for additional consolidation",
    "Consider Operations slice: TESTING_INFRASTRUCTURE.md + PROVIDER_SETUP_GUIDE.md",
    "Review GOLDEN_PATH.md for completeness",
    "Sunset expired redirect stubs after 2026-02-21",
    "Update doc_lint.py to enforce canonical doc set"
  ]
}
