{
  "session": 10,
  "date": "2026-01-22",
  "phase": "migration",
  "slice": "cli",
  "canonical_docs_created": 10,
  "canonical_docs_target": 11,
  "deliverables": {
    "created": [],
    "converted_to_stub": [
      {
        "path": "docs/spec-kit/CLI-REFERENCE.md",
        "original_lines": 328,
        "stub_lines": 21,
        "points_to": "docs/SPEC-KIT-CLI.md",
        "sunset_date": "2026-02-21"
      },
      {
        "path": "docs/spec-kit/COMMAND_INVENTORY.md",
        "original_lines": 644,
        "stub_lines": 25,
        "points_to": "docs/SPEC-KIT-CLI.md",
        "sunset_date": "2026-02-21"
      },
      {
        "path": "docs/spec-kit/new-spec-command.md",
        "original_lines": 320,
        "stub_lines": 21,
        "points_to": "docs/SPEC-KIT-CLI.md",
        "sunset_date": "2026-02-21"
      }
    ],
    "updated": [
      {
        "path": "docs/INDEX.md",
        "change": "Added SPEC-KIT-CLI.md to Implementation & Operation Guides"
      },
      {
        "path": "docs/KEY_DOCS.md",
        "change": "Added SPEC-KIT-CLI.md entry (CLI Reference)"
      }
    ]
  },
  "redirect_stubs_total": 31,
  "redirect_stubs_by_category": {
    "policy": 4,
    "operations": 2,
    "architecture": 5,
    "stage0": 11,
    "decisions": 1,
    "program": 1,
    "quality_gates": 3,
    "cli": 3,
    "archived": 1
  },
  "verification": {
    "doc_lint_passes": true,
    "spec_kit_cli_verified": true,
    "redirect_stubs_valid": true,
    "index_updated": true,
    "key_docs_updated": true,
    "no_information_loss": true
  },
  "canonical_docs_status": [
    {"doc": "docs/POLICY.md", "status": "complete", "session": 3},
    {"doc": "docs/OPERATIONS.md", "status": "complete", "session": 4, "extended": 6, "version": "1.1.0"},
    {"doc": "docs/ARCHITECTURE.md", "status": "complete", "session": 5},
    {"doc": "docs/CONTRIBUTING.md", "status": "complete", "session": 5},
    {"doc": "docs/STAGE0-REFERENCE.md", "status": "complete", "session": 6},
    {"doc": "docs/DECISIONS.md", "status": "complete", "session": 7, "version": "1.0.0"},
    {"doc": "docs/PROGRAM.md", "status": "complete", "session": 8, "version": "1.0.0"},
    {"doc": "docs/SPEC-KIT-QUALITY-GATES.md", "status": "complete", "session": 9, "version": "1.0.0"},
    {"doc": "docs/SPEC-KIT-CLI.md", "status": "complete", "session": 9, "finalized": 10, "version": "1.0.0"},
    {"doc": "docs/INDEX.md", "status": "complete", "note": "extended through sessions"},
    {"doc": "docs/KEY_DOCS.md", "status": "complete", "note": "extended through sessions"}
  ],
  "spec_kit_consolidation": {
    "quality_gates": {"files": 3, "archived": 1, "status": "complete"},
    "cli": {"files": 3, "status": "complete"},
    "architecture": {"files": 4, "status": "pending"},
    "operations": {"files": 4, "status": "pending"}
  },
  "next_session_recommendations": [
    "Architecture slice: MULTI-AGENT-ARCHITECTURE.md + model-strategy.md + consensus-runner-design.md + HERMETIC-ISOLATION.md",
    "Create docs/SPEC-KIT-ARCHITECTURE.md canonical doc",
    "Operations slice: TESTING_INFRASTRUCTURE.md + PROVIDER_SETUP_GUIDE.md",
    "Review GOLDEN_PATH.md for completeness"
  ]
}
