{
  "manifest_version": "1.0",
  "session": 4,
  "date": "2026-01-21",
  "phase": "migration",
  "slice": "operations",
  "created": {
    "docs/OPERATIONS.md": {
      "lines": 663,
      "purpose": "Consolidated operations (playbook + config reference)",
      "sources": [
        "docs/OPERATIONAL-PLAYBOOK.md",
        "docs/config.md"
      ]
    }
  },
  "redirect_stubs": {
    "docs/OPERATIONAL-PLAYBOOK.md": {
      "lines": 25,
      "points_to": "OPERATIONS.md#1-agent-behavioral-guidance",
      "sunset_date": "2026-02-21"
    },
    "docs/config.md": {
      "lines": 27,
      "points_to": "OPERATIONS.md#4-configuration-overview",
      "sunset_date": "2026-02-21"
    }
  },
  "updated": [
    "docs/INDEX.md",
    "docs/KEY_DOCS.md"
  ],
  "compression": {
    "original_lines": 981,
    "consolidated_lines": 663,
    "reduction_percent": 32
  },
  "canonical_docs_status": {
    "completed": ["docs/POLICY.md", "docs/OPERATIONS.md"],
    "exists_needs_extension": ["docs/INDEX.md", "docs/KEY_DOCS.md", "docs/ARCHITECTURE.md", "docs/GOLDEN_PATH.md"],
    "pending": ["docs/DECISIONS.md", "docs/CONTRIBUTING.md", "docs/SPEC-KIT-REFERENCE.md"]
  },
  "validation": {
    "doc_lint_passed": true,
    "redirect_stubs_verified": true,
    "index_links_updated": true
  }
}
