{
  "session": 12,
  "date": "2026-01-22",
  "phase": "archival",
  "canonical_docs_created": 9,
  "canonical_docs_target": 9,
  "target_achieved": true,
  "deliverables": {
    "created": [
      {
        "path": "docs/SPEC-KIT.md",
        "lines": 447,
        "purpose": "Canonical spec-kit reference (CLI, architecture, quality gates)"
      },
      {
        "path": "archive/docs-pack-20260122.tar.zst",
        "size_bytes": 118784,
        "purpose": "Archive pack containing 72 non-canonical markdown files"
      },
      {
        "path": "archive/docs-pack-20260122-manifest.json",
        "purpose": "Archive manifest with metadata (path, sha256, size, mapping)"
      }
    ],
    "merged_to_canonical": [
      {
        "source": "docs/SPEC-KIT-QUALITY-GATES.md",
        "original_lines": 828,
        "target": "docs/SPEC-KIT.md"
      },
      {
        "source": "docs/SPEC-KIT-CLI.md",
        "original_lines": 532,
        "target": "docs/SPEC-KIT.md"
      },
      {
        "source": "docs/SPEC-KIT-ARCHITECTURE.md",
        "original_lines": 419,
        "target": "docs/SPEC-KIT.md"
      }
    ],
    "deleted": {
      "docs_root": 37,
      "docs_spec_kit": 35,
      "total": 72
    },
    "updated": [
      {
        "path": "docs/INDEX.md",
        "change": "Replaced SPEC-KIT-* references with SPEC-KIT.md"
      },
      {
        "path": "docs/KEY_DOCS.md",
        "change": "Replaced 3 SPEC-KIT-* entries with single SPEC-KIT.md entry"
      },
      {
        "path": "codex-rs/scripts/doc_lint.py",
        "change": "Added canonical docs enforcement, fixed REPO_ROOT, updated REQUIRED_FILES"
      }
    ]
  },
  "archive_pack": {
    "path": "archive/docs-pack-20260122.tar.zst",
    "size_bytes": 118784,
    "uncompressed_size_bytes": 501760,
    "compression_ratio": 0.24,
    "files_count": 72,
    "manifest_path": "archive/docs-pack-20260122-manifest.json",
    "includes_sha256": true,
    "includes_mapping": true
  },
  "canonical_docs_status": [
    {"doc": "docs/POLICY.md", "status": "complete", "lines": 335},
    {"doc": "docs/OPERATIONS.md", "status": "complete", "lines": 887},
    {"doc": "docs/ARCHITECTURE.md", "status": "complete", "lines": 395},
    {"doc": "docs/CONTRIBUTING.md", "status": "complete", "lines": 387},
    {"doc": "docs/STAGE0-REFERENCE.md", "status": "complete", "lines": 1235},
    {"doc": "docs/DECISIONS.md", "status": "complete", "lines": 250},
    {"doc": "docs/PROGRAM.md", "status": "complete", "lines": 136},
    {"doc": "docs/SPEC-KIT.md", "status": "complete", "session": 12, "lines": 447},
    {"doc": "docs/KEY_DOCS.md", "status": "complete", "lines": 65}
  ],
  "navigation_docs": [
    {"doc": "docs/INDEX.md", "lines": 247},
    {"doc": "docs/VISION.md", "lines": 28}
  ],
  "content_reduction": {
    "source_lines": 1779,
    "canonical_lines": 447,
    "reduction_percent": 75
  },
  "verification": {
    "doc_lint_passes": true,
    "canonical_docs_enforced": true,
    "archive_manifest_valid": true,
    "no_sprawl_detected": true
  },
  "next_session_recommendations": [
    "Add model_policy.toml or remove from REQUIRED_FILES",
    "Add missing SPEC.md sections",
    "Review VISION.md for potential merge",
    "Update CLAUDE.md to reference SPEC-KIT.md",
    "Consider INDEX.md + KEY_DOCS.md merge",
    "Document archive recovery procedure",
    "Set up CI job for archive integrity validation"
  ]
}
