{
  "generated_at": "2025-09-27T23:17:10Z",
  "source": "tmp/memories.jsonl",
  "summary": {
    "domains": {
      "docs-ops": 1,
      "governance": 3,
      "spec-tracker": 6,
      "unknown": 26
    },
    "importance_histogram": {
      "5": 3,
      "6": 2,
      "7": 16,
      "8": 14,
      "9": 1
    },
    "tags": {
      "T12": 4,
      "automation": 1,
      "backlog": 2,
      "baseline": 1,
      "blocking": 1,
      "byterover": 1,
      "capabilities": 1,
      "cli": 1,
      "config": 2,
      "configuration": 1,
      "consensus": 6,
      "design": 3,
      "docs": 3,
      "documentation": 3,
      "domains": 1,
      "evidence": 2,
      "followup": 1,
      "guardrail": 3,
      "guardrails": 3,
      "implementation": 1,
      "knowledge-management": 2,
      "local-memory": 8,
      "mcp": 9,
      "model-strategy": 1,
      "models": 1,
      "multi-agent": 3,
      "planning": 1,
      "process": 2,
      "prompts": 1,
      "registry": 2,
      "repo-state": 1,
      "restart-plan": 2,
      "rust": 3,
      "self-healing": 1,
      "shell": 1,
      "slash-commands": 4,
      "spec-auto": 14,
      "spec-kit": 16,
      "spec-kit-tasks": 1,
      "spec-ops": 3,
      "spec-ops-003": 1,
      "spec-ops-004": 1,
      "spec-tracker": 1,
      "spec.md": 1,
      "status": 1,
      "t13": 4,
      "t14": 2,
      "task-selection": 1,
      "tasks": 1,
      "telemetry": 12,
      "tests": 4,
      "workflow": 1
    },
    "total_entries": 36
  }
}
