{
  "schemaVersion": 1,
  "command": "spec-ops-tasks",
  "specId": "SPEC-KIT-DEMO",
  "sessionId": "2025-10-03T19:51:10Z-157066390",
  "timestamp": "2025-10-03T19:51:30Z",
  "tool": {
    "status": "ready"
  },
  "policy": {
  "prefilter": {
    "model": "o4-mini-high",
    "status": "passed",
    "note": "/home/thetu/code/codex-rs/target/dev-fast/code exec --sandbox read-only --model o4-mini-high -- \"Policy prefilter for SPEC-KIT-DEMO/spec-tasks\""
  },
  "final": {
    "model": "o4-mini-high",
    "status": "passed",
    "note": "/home/thetu/code/codex-rs/target/dev-fast/code exec --sandbox read-only --model o4-mini-high -- \"Policy final check for SPEC-KIT-DEMO/spec-tasks\""
  }
},
  "artifacts": [
    { "path": "/home/thetu/code/docs/SPEC-OPS-004-integrated-coder-hooks/evidence/commands/SPEC-KIT-DEMO/spec-tasks_2025-10-03T19:51:10Z-157066390.log" }
  ]
}
