{
  "schemaVersion": 1,
  "command": "spec-ops-audit",
  "specId": "SPEC-KIT-DEMO",
  "sessionId": "2025-10-03T19:52:09Z-108316450",
  "timestamp": "2025-10-03T19:52:29Z",
  "scenarios": [
    {
      "name": "audit guardrail bootstrap",
      "status": "skipped"
    }
  ],
  "policy": {
  "prefilter": {
    "model": "o4-mini-high",
    "status": "passed",
    "note": "/home/thetu/code/codex-rs/target/dev-fast/code exec --sandbox read-only --model o4-mini-high -- \"Policy prefilter for SPEC-KIT-DEMO/spec-audit\""
  },
  "final": {
    "model": "o4-mini-high",
    "status": "passed",
    "note": "/home/thetu/code/codex-rs/target/dev-fast/code exec --sandbox read-only --model o4-mini-high -- \"Policy final check for SPEC-KIT-DEMO/spec-audit\""
  }
},
  "artifacts": [
    { "path": "/home/thetu/code/docs/SPEC-OPS-004-integrated-coder-hooks/evidence/commands/SPEC-KIT-DEMO/spec-audit_2025-10-03T19:52:09Z-108316450.log" }
  ]
}
