{
  "stage": "spec-tasks",
  "prompt_version": "20251014-tasks-a",
  "agent": "code",
  "model": "gemini-ultra",
  "model_release": "2025-10",
  "reasoning_mode": "orchestration",
  "synthesis_summary": "The agent team has reached consensus on a plan to update `SPEC-KIT-045-mini` documentation and status tracking. Key actions involve refreshing `tasks.md` and `SPEC.md` to align with the latest 2025-10-14 telemetry, generating necessary evidence files (roster, schema checks), and validating the changes with `lint_tasks.py`.",
  "action_items": [
    {
      "id": "AI-01",
      "description": "Read `docs/SPEC-KIT-045-mini/tasks.md` and `SPEC.md` to gather context for updates."
    },
    {
      "id": "AI-02",
      "description": "Construct and execute `replace` calls to update `tasks.md` and `SPEC.md` with new telemetry data and status for T49."
    },
    {
      "id": "AI-03",
      "description": "Execute the `jq` command to extract the roster from the plan telemetry and save it as evidence."
    },
    {
      "id": "AI-04",
      "description": "Run the `scripts/spec-kit/lint_tasks.py` script to ensure `SPEC.md` is valid."
    },
    {
      "id": "AI-05",
      "description": "Note the pending status of HAL mock validation evidence."
    }
  ],
  "consensus": {
    "agreements": [
      "All agents agree on the necessity of updating `tasks.md` and `SPEC.md`.",
      "The plan to use `replace` for file updates and `run_shell_command` for validation is accepted.",
      "The requirement to generate roster and schema check evidence is confirmed."
    ],
    "conflicts": [
      "No major conflicts. There is an acknowledged information gap regarding the precise commands for `jq` schema checks and HAL mock generation, which are flagged as follow-up items."
    ]
  }
}
