{
  "stage": "spec-implement",
  "status": "ok",
  "telemetry": "docs/SPEC-OPS-004-integrated-coder-hooks/evidence/commands/SPEC-KIT-045-mini/spec-implement_2025-10-14T16:39:43Z-997018070.json",
  "consensus": {
    "agreements": [
      "Regenerate rehearsal artefacts (roster, schema checks, mock HAL diff, policy note, size audit) using the 2025-10-14 telemetry bundle",
      "Update docs/SPEC-KIT-045-mini/{plan.md,tasks.md,unlock-notes.md,checksums.sha256} and SPEC.md T49 to cite the refreshed evidence",
      "Record ongoing policy overrides and schedule clean reruns before unlock",
      "Run lint_tasks.py, cargo fmt, and cargo clippy to mirror guardrail validation coverage"
    ],
    "conflicts_resolved": [
      {
        "issue": "Whether to fabricate synthetic telemetry versus extracting data from guardrail outputs",
        "resolution": "Extract roster/schema data from actual 2025-10-14 JSON and document mock HAL rationale in dedicated artefacts"
      },
      {
        "issue": "Handling lingering policy overrides",
        "resolution": "Document overrides in policy-overrides_2025-10-14T16:19:16Z.txt and keep unlock blocked until clean reruns"
      }
    ]
  }
}
