{
  "stage": "spec-audit",
  "status": "ok",
  "telemetry": "docs/SPEC-OPS-004-integrated-coder-hooks/evidence/commands/SPEC-KIT-045-mini/spec-audit_2025-10-14T17:16:20Z-45917122.json",
  "consensus": {
    "agreements": [
      "Evidence spans plan/tasks/implement/validate telemetry plus supporting artefacts (roster, schema checks, HAL mock, policy log, size report)",
      "Unlock deferred until policy overrides removed and optional live HAL check performed",
      "Docs (plan, tasks, unlock notes, SPEC.md) reference 2025-10-14 evidence filenames"
    ],
    "conflicts_resolved": [
      {
        "issue": "Prior audit summary referenced placeholder evidence",
        "resolution": "Refresh synthesis with 2025-10-14 artefacts and explicit follow-up conditions"
      }
    ]
  }
}
