{
  "stage": "spec-plan",
  "status": "ok",
  "telemetry": "docs/SPEC-OPS-004-integrated-coder-hooks/evidence/commands/SPEC-KIT-045-mini/spec-plan_2025-10-14T15:58:30Z-79323873.json",
  "consensus": {
    "agreements": [
      "Anchor planning work to the 2025-10-14T15:58:30Z guardrail telemetry and retire 2025-10-13 references",
      "Extract and persist roster_2025-10-14T15:58:30Z.json with model metadata beside the guardrail outputs",
      "Capture jq schema assertions and HAL mock rehearsal instructions (including hal.summary rationale and sample diff)",
      "Embed precise rerun commands and policy override posture across plan.md, tasks.md, unlock-notes.md, and SPEC.md row T49",
      "Log consensus artefacts for this run under docs/SPEC-OPS-004-integrated-coder-hooks/evidence/consensus/SPEC-KIT-045-mini/"
    ],
    "conflicts_resolved": [
      {
        "issue": "Whether to rewrite tasks.md immediately or during /tasks",
        "resolution": "Document the dependency in this plan and execute the concrete tasks.md refresh during the /tasks stage while ensuring evidence alignment"
      }
    ]
  }
}
