{
  "stage": "spec-tasks",
  "status": "ok",
  "telemetry": "docs/SPEC-OPS-004-integrated-coder-hooks/evidence/commands/SPEC-KIT-045-mini/spec-tasks_2025-10-14T16:19:16Z-1583422877.json",
  "consensus": {
    "agreements": [
      "Refresh docs/SPEC-KIT-045-mini/tasks.md to reference 2025-10-14 plan and tasks telemetry and carry forward the eight rehearsal tasks",
      "Generate roster_2025-10-14T15:58:30Z.json, jq schema-check outputs, and HAL mock diff evidence ahead of /validate",
      "Update SPEC.md row T49 (status In Progress, branch feat/spec-auto-telemetry) and run scripts/spec-kit/lint_tasks.py",
      "Archive per-agent JSON outputs for the tasks stage alongside consensus synthesis"
    ],
    "conflicts_resolved": [
      {
        "issue": "Uncertainty on exact commands for roster extraction and schema checks",
        "resolution": "Document jq-based extraction placeholders in tasks.md and assign follow-up to define concrete commands during implementation"
      },
      {
        "issue": "Debate on immediate HAL mock evidence generation",
        "resolution": "Track HAL mock diff preparation as a pending task while noting requirement to capture hal.summary rationale before /validate"
      }
    ]
  }
}
