{
  "schemaVersion": 1,
  "command": "guardrail.unlock",
  "specId": "SPEC-DOGFOOD-001",
  "sessionId": "317224",
  "timestamp": "2025-12-26T13:58:11Z",
  "success": true,
  "stage": "Unlock",
  "checks": [
    {
      "name": "spec-id-validation",
      "status": "passed",
      "message": "SPEC ID 'SPEC-DOGFOOD-001' is valid"
    },
    {
      "name": "spec-files",
      "status": "passed",
      "message": "Required SPEC files present"
    },
    {
      "name": "clean-tree",
      "status": "passed",
      "message": "Working tree is clean (stage artifacts excluded)"
    },
    {
      "name": "unlock-stage",
      "status": "passed",
      "message": "Ready for unlock"
    }
  ],
  "warnings": [],
  "errors": [],
  "artifacts": [
    {
      "path": "/home/thetu/code/docs/SPEC-DOGFOOD-001/evidence/guardrail-unlock-2025-12-26T13:58:11Z_317224.json"
    }
  ]
}