{
  "schemaVersion": 1,
  "command": "guardrail.audit",
  "specId": "SPEC-DOGFOOD-001",
  "sessionId": "533606",
  "timestamp": "2025-12-26T15:34:44Z",
  "success": true,
  "stage": "Audit",
  "checks": [
    {
      "name": "spec-id-validation",
      "status": "passed",
      "message": "SPEC ID 'SPEC-DOGFOOD-001' is valid"
    },
    {
      "name": "spec-files",
      "status": "passed",
      "message": "Required SPEC files present"
    },
    {
      "name": "clean-tree",
      "status": "passed",
      "message": "Working tree is clean (stage artifacts excluded)"
    },
    {
      "name": "audit-stage",
      "status": "passed",
      "message": "Ready for audit"
    }
  ],
  "warnings": [],
  "errors": [],
  "artifacts": [
    {
      "path": "/home/thetu/code/docs/SPEC-DOGFOOD-001/evidence/guardrail-audit-2025-12-26T15:34:44Z_533606.json"
    }
  ]
}