{
  "schemaVersion": 1,
  "command": "guardrail.plan",
  "specId": "SPEC-DOGFOOD-001",
  "sessionId": "772793",
  "timestamp": "2025-12-26T17:16:39Z",
  "success": false,
  "stage": "Plan",
  "checks": [
    {
      "name": "spec-id-validation",
      "status": "passed",
      "message": "SPEC ID 'SPEC-DOGFOOD-001' is valid"
    },
    {
      "name": "spec-files",
      "status": "passed",
      "message": "Required SPEC files present"
    },
    {
      "name": "clean-tree",
      "status": "failed",
      "message": "Working tree has 2 unexpected changes (stage artifacts excluded)"
    },
    {
      "name": "plan-stage",
      "status": "passed",
      "message": "Plan stage ready"
    }
  ],
  "warnings": [],
  "errors": [],
  "artifacts": [
    {
      "path": "/home/thetu/code/docs/SPEC-DOGFOOD-001/evidence/guardrail-plan-2025-12-26T17:16:39Z_772793.json"
    }
  ]
}