{
  "schemaVersion": 1,
  "command": "guardrail.implement",
  "specId": "SPEC-DOGFOOD-001",
  "sessionId": "787198",
  "timestamp": "2025-12-26T17:27:35Z",
  "success": true,
  "stage": "Implement",
  "checks": [
    {
      "name": "spec-id-validation",
      "status": "passed",
      "message": "SPEC ID 'SPEC-DOGFOOD-001' is valid"
    },
    {
      "name": "spec-files",
      "status": "passed",
      "message": "Required SPEC files present"
    },
    {
      "name": "clean-tree",
      "status": "passed",
      "message": "Working tree is clean (stage artifacts excluded)"
    },
    {
      "name": "implement-stage",
      "status": "passed",
      "message": "Tasks exist, ready for implementation"
    }
  ],
  "warnings": [],
  "errors": [],
  "artifacts": [
    {
      "path": "/home/thetu/code/docs/SPEC-DOGFOOD-001/evidence/guardrail-implement-2025-12-26T17:27:35Z_787198.json"
    }
  ]
}