{
  "stage": "spec-implement",
  "prompt_version": "20251002-implement-a",
  "agent": "code",
  "model": "code-cli",
  "model_release": "2025-10-14",
  "reasoning_mode": "orchestration",
  "synthesis_summary": "Refreshed the SPEC-KIT-045-mini rehearsal bundle around the 2025-10-14 guardrail run: new plan/tasks telemetry artifacts, roster/schema/policy/size logs, and synced documentation (plan, tasks, unlock notes, checksums, SPEC.md) now cite the latest evidence while preserving policy override caveats.",
  "action_items": [
    "Maintain stubbed policy override note and schedule clean policy-enabled rerun before unlock.",
    "Monitor fixture footprint (via fixture-size_2025-10-14T16:19:16Z.txt) to keep bundle under 100 KB on future refreshes.",
    "Next automation pass should regenerate these artifacts rather than keeping them static."
  ],
  "consensus": {
    "agreements": [
      "Updated evidence/doc set accurately reflects the 2025-10-14 rehearsal with documented overrides.",
      "Validation commands (lint_tasks.py, cargo fmt, cargo clippy) executed to mirror guardrail coverage."
    ],
    "conflicts": []
  }
}
